feature,importance
avg_trade_size_usd,0.34624856495615286
daily_trade_count,0.29350097196926206
daily_win_rate,0.2006705935105737
long_short_ratio,0.15957986956401138
