feature,importance
avg_trade_size_usd,0.3510378905320433
daily_trade_count,0.29009422020774456
daily_win_rate,0.20372141267539814
long_short_ratio,0.15514647658481412
