Fear,Greed,Neutral
7955.4436716744185,4942.350619877339,4130.277361337349
2524.8362014739455,3590.230787103896,2891.8792074666667
